{"kindness": 0.15000000000000002, "curiosity": 0.0, "trust": 0.15000000000000002, "happiness": 0.15000000000000002, "openness": 0.0, "playfulness": 0.0}