{"kindness": 1.3877787807814457e-17, "curiosity": 0.8, "trust": 1.3877787807814457e-17, "happiness": 1.3877787807814457e-17, "openness": 0.0, "playfulness": 0.1}